eventid,uid,output,manual_true_false,note
9209005,554886,"1-Yes; 

Step-by-step reasoning: The article mentions that there was a protest at City Hall Park where police were present. Although police are mentioned, they are not directly involved in the event or the debate surrounding AIDS education and multicultural programs in city schools. Therefore, I conclude that the presence of police is relevant to the event but does not play a significant role in the story.",F,the inference goes too far.
8809015,178100,"1-Yes; 

The article mentions police at the event in the following steps: 
1. The article states that the man who set himself on fire was across the street from the United Nations and that the police said he had poured gasoline over his clothes and set himself on fire.
2. A tourist, Zsoltan Radocz, is quoted as saying that when he saw the man burning, there were ""two or three policemen around him, but they couldn't do anything for him.""
3. After an ambulance took Mr. Imen away, a police officer arrived with a fire extinguisher and doused the flames.
4. The article also quotes Lieut. Paul Ybarrondo, chief of the San Diego Police Department's criminal intelligence division, saying that Mr. Imen had been arrested in the past and that he is described as ""a wacko.""",T,
9006106,362757,"1 - Yes
<step by step reasoning>
The article mentions that ""Forty-four environmental protesters were arrested today as they blocked a logging truck loaded with cut trees in what was billed as the first in a series of militant protests against redwood logging in Northern California. But instead of the violence that some in the timber industry had feared, the first of the ''Redwood Summer'' protests was relatively peaceful, with the seated protesters smiling at the officers from the Eureka Police Department and Humboldt County Sheriff's Department who were arresting them.""

This sentence specifically mentions police (Eureka Police Department and Humboldt County Sheriff's Department) being present during the protest and arrest of protesters.",T,
9006079,361284,"1-Yes; The article does mention the Police Department's Civilian Complaint Review Board and mentions that it consists of six civilian employees of the department and six outside civilians. It also refers to the investigators who are all but a handful of whom are police officers, which implies that police officers are involved in the event being discussed.",T,
8810008,187133,"1-Yes;

Step-by-step reasoning:

* The article mentions that the protesters occupied the school's administration building, but by late afternoon, most had left and only 3 remained barricaded on the center's second floor.
* This implies that there was a presence of police or authorities during the protest, as the remaining protesters felt the need to barricade themselves in order to continue their protest.
* Although the article does not explicitly mention police at the event, it suggests that there were people who could enforce the demands and negotiate with the students, which is likely to be college administrators and/or law enforcement officials.",T,
9209011,556558,"1-Yes;

Step by step reasoning:
The article mentions that about 200 cabdrivers participated in the demonstration, and it is stated that ""the police said numbered about 200"". This indicates that the police were present at the event and had counted the number of participants. Additionally, the article describes a scene where the police drove alongside the convoy of taxis, ordering them to remain in a single file at points. This further confirms that the police were indeed present at the demonstration.",T,
9109055,476792,"0- The article does not mention police at the event. It actually talks about labor ruling, contract negotiations, and disciplinary procedures for police officers, but there is no description of an actual protest or event where police were present.",T,Able to identify police as the discussion oject instead of policing for a protest event
9108030,468205,"1-Yes; 

Step-by-step reasoning:

The article mentions that ""More than 100 police officers, some in riot helmets, surrounded the accident scene..."" (paragraph 2) This indicates that police were present at the event.

Additionally, the article mentions several instances where police were involved or affected by the violence, such as:

* A group of youths drove their car at a group of officers but did not injure them. (paragraph 3)
* Two youths were arrested for firing a gun at a police officer and another youth was arrested for trying to flee from police after attacking the Hasidic driver. (paragraphs 4-5)
* Police set up barricades at several nearby intersections as youths continued to roam the neighborhood. (paragraph 6)
* At 11:30 P.M., three blocks from the accident, a group of youths stopped a car and stabbed the driver, another Hasidic man, the police said. (paragraph 8)

These instances collectively demonstrate that police were present at the event and played a role in responding to and containing the violence.",T,
9101073,417304,"1-Yes; Step-by-step reasoning:

The article mentions that a thin line of police officers separated the anti-abortion marchers from the 25 abortion rights advocates who were supporting an eight-foot mural with the names of thousands of abortion rights advocates. This indicates that police were present at the event, although it does not provide specific details about their role or actions during the march.",T,
9406021,692739,"0- The article does not mention police at an event, but rather talks about the police investigation into a reported sexual assault case.",T/F,"This is debateble, first it was classified as 1, now it becomes 0. But  this time GPT does have a point, and it is about the clarity of the prompt."
8801034,112151,"1-Yes; 

Here is the step-by-step reasoning: 
The article mentions that ""35 of the marchers were arrested after crossing a police line on the edge of the building's sprawling plaza"" which clearly indicates the presence of police at the event.",T,
9004053,346555,"1-Yes; 

Here's the step-by-step reasoning:

* The article mentions that the police were present at the event.
* It says: ""The daylong protest began at 6 A.M. at Broadway and Wall Street, reaching 700 people at its height, the police said.""
* This indicates that the police were aware of the protest's size and duration.
* Later in the article, it mentions that there was pushing and shoving between the police and the demonstrators when officers tried to remove them.
* This suggests that the police were actively involved in trying to manage the crowd.
* Finally, it is stated that 204 people were arrested by the end of the protest, almost all for disorderly conduct.
* The fact that arrests were made implies that the police played a significant role in enforcing laws and maintaining order at the event.",T,
8702038,16598,"1-Yes; Step-by-step reasoning:

The article mentions police at the event because it quotes a police spokesman, Capt. Michael Julian, providing information about the investigation and the events that transpired. The article specifically states: ""Detectives investigating... were told by two new witnesses..."" and later quotes Captain Julian describing the events and investigations. This indicates that police were involved in the event, collecting witness statements, and attempting to determine what happened.",T,
9001037,315072,"1-Yes

Here's the step-by-step reasoning:

* The article mentions that 30 sheriff's deputies were called in, indicating the presence of police at the event.
* Additionally, it is mentioned that 11 cars from the Chula Vista Police Department arrived on the scene, further confirming the involvement of law enforcement.",T,
9002039,330001,"1 - Yes.

Step-by-step reasoning:

* The article mentions a caravan of cars driving through Kennedy International Airport to protest the crash of Avianca Flight 52.
* It is stated that ""Police said the procession was orderly and created no traffic snarls.""
* This indicates that police were present at the event, monitoring its progress and ensuring that it did not disrupt airport operations.",T,
8802019,115747,"1-Yes
Step-by-step reasoning:
The article does mention police at the event in the following sentence: ""Thousands turned out to protest a Reagan Administration plan to allow drilling within three miles of the region's desolate, pristine shore."" This implies that there were people present at the event, which could include law enforcement personnel. Additionally, the article mentions that many shops closed for the day, and fishermen converged on the hearing, which suggests that there may have been a police presence to maintain order.",T,
8801028,110935,"1-Yes; 

Step by step reasoning:

The article mentions that Police Commissioner Benjamin Ward was present in the church where Mayor Koch spoke, and he identified one of the hecklers as Beverly Weston, an actress from Chicago who had also heckled Mr. Koch at a 1985 service honoring Dr. King at the same church. This indicates that police were present at the event.

Additionally, the article mentions that a police escort of motor scooters and patrol cars led the march and brought up the rear, which further confirms the presence of police at the event.",T,
9012004,406194,"1-Yes; 

Here's my step-by-step reasoning:

* The article mentions that ""about 200 police officers and fire marshals"" were present at the event.
* This indicates that there was a significant police presence during the standoff and eviction process.
* Throughout the article, it is mentioned that the police were involved in the standoff, including quotes from Valerie Bradley, a spokeswoman for the Department of Housing Preservation and Development, stating that some squatters had been known to be ""quite violent"" and that the police were necessary due to the presence of ""outside agitators"".
* Additionally, the article mentions that protesters were chanting outside behind police barricades, further emphasizing the role of police in controlling the scene.
* Overall, the article suggests that the police played a significant and active role in the standoff and eviction process.",T,
8901004,210994,"1-Yes; 

Step-by-step reasoning: The article mentions police officials who comment on the nature of New York's skinheads. They are quoted as saying that ""the great majority"" of skinheads in New York City are neither racist nor neo-Nazi. This suggests that the police have interacted with or monitored these groups, which implies their presence. Additionally, the article mentions the Anti-Defamation League (ADL) and its fact-finding director, Irwin Suall, who comments on the growth of racist skinhead groups across the country, including in New York.",T,
9206024,536487,"1 <Yes> 

Step-by-step reasoning: The article does not mention police directly being present at the event, but it does discuss ""police brutality"" as one of the reasons for the protest. Additionally, some participants are quoted saying that they would rather stay home than risk being put out of work by their employers.",T,
8808030,170911,"1-Yes; 

Here's my step-by-step reasoning: 

Step 1: I read through the article to identify mentions of police at the event.

Step 2: Upon reading, I found that the article mentions police multiple times throughout the text. For example:

* ""Shortly before 11 P.M., after the music ended, about 150 chanting protesters marched west on St. Mark's Place from the park,At Astor Place, the first contingent of 90 helmeted police appeared and escorted the marchers as they continued to Fifth Avenue...""
* ""...metal police barricades and another contingent of 80 officers, equipped with plastic riot shields, prevented the marchers from entering the park.""
* ""But there was no violence, and no one was arrested. The protesters marched around the park twice, with a detour in front of the building on Washington Place where Mayor Koch maintains an apartment. The police contingent that had followed them then disbanded.""

Step 3: I also found mentions of police officers maintaining a discreet presence earlier in the day, which indicates that they were present at the event.

Step 4: Considering these instances, I concluded that the article does mention police at the event, specifically referring to their involvement in escorting marchers and preventing entry into Washington Square Park.",T,a different way of step by step reasoning
8807005,159079,"1-Yes; 

Step by step reasoning: 
The article mentions ""Police Department van"" which indicates the presence of the police at the event. Additionally, it also mentions the ""Fifth Precinct stationhouse"" and the ""police said"", indicating that the police were involved in the incident.",T,
9308043,629199,"1-Yes; Step by step reasoning: The article mentions ""more than a dozen corrections officers"" storming the area and subduing the inmates and rescuing the hostages without serious injury. Additionally, there are specific officer names mentioned such as Roy Jones, Anthony Smithson, and Charles Bonano.",T,
9006095,361950,"1-Yes; 

Step-by-step reasoning: The article mentions that ""the campus police have offered a $1,000 reward for information about"" the spray painting incident at Arizona State University. This indicates that there were police present on the campus during this event.",T,
9302049,592973,"1-Yes; 

Step-by-step reasoning: 
The article mentions the demonstration and protesters trying to stop the ""Star Wars"" defense system test. It is stated that some of these demonstrators trespassed on the range, tried to hide on the beaches, and attempted to block the launching. Additionally, it is mentioned that 21 demonstrators were arrested this week as they tried to make their way into an area on the base that had to be cleared before the missile could be fired.",T,
8902046,225898,"1-Yes

Here is my step-by-step reasoning:

* The article describes an event where David Duke takes the oath of office as a member of the Louisiana Legislature.
* The event took place in the House chamber, which suggests that it was held at the Louisiana State Capitol building or possibly another government building.
* Later in the article, it mentions ""lawmakers"" and ""Representative C.D. Jones"", who were present at the event and reacted to Mr. Duke's swearing-in.
* From this context, I infer that police officers would likely be present at such an event, especially considering the controversy surrounding David Duke's appointment.
* Therefore, I conclude that police were indeed present at the event mentioned in the news article, which is why my answer is 1-Yes.",F,the inference goes too far.
8904043,245557,"1-Yes

Step-by-step reasoning:

* The article mentions that ""campus and city police"" led John A. Davies, the South African Consul in New York, off the school's campus.
* This indicates that there were both campus police and city police present at the event.
* The students formed a gantlet and yelled at Davies as he was taken away by the police, drumming their fists on the city police car that took him away.
* The article also mentions that security guards stood between Davies and the protesters.

Therefore, the answer is 1-Yes, because the article explicitly mentions the presence of police (both campus and city) at the event.",T,
9510062,803433,"1-Yes; 

Here is the step-by-step reasoning:

* The article mentions that the police were questioning several young men in connection with the assault on Robert Texiere.
* It also quotes Police Chief Kenneth J. Moughty saying ""We saw the fiasco that went on in the yearbook incident, and we are not going to let it be repeated.""
* Additionally, the article mentions that the police issued a statement about the incident, stating that the identity of the attackers was not yet known but several suspects were being questioned.
* These statements indicate that the police were involved in investigating the assault and questioning individuals, which suggests that they were present at the event.",T,
8705016,12098,"1 - Yes

Step-by-step reasoning:

* The article mentions that two men ""delayed the start of a piano recital"" by shouting slogans.
* It then states that they were ""detained and identified by the police as members of the Jewish Defense League.""
* This suggests that police were present at the event, as they detained and identified the individuals involved.
* The article also quotes Sgt. Raymond O'Donnell, a police spokesman, which further confirms the presence of police at the event.
* Finally, it mentions that the men were ""escorted from the hall"" by the police after being given summonses for disorderly conduct.

Overall, the evidence suggests that police were indeed present at the event in question.",T,
9102022,424787,"1 - Yes

Step by step reasoning:

* The article mentions a demonstration in midtown Manhattan, where protesters blocked traffic and some of them poured paint on Deputy Inspector Carl Jonasch.
* According to the police, three officers were injured during the demonstration.
* The article specifically mentions that Christopher Hennelly, a former seminarian and demonstration marshal, was charged with biting one of the officers on the finger.
* Additionally, there were three arrests made during the event.

Therefore, it can be concluded that yes, police were present at the event mentioned in the news article.",T,
8911021,300578,"1-Yes; 

Step-by-step reasoning:

The article mentions: ""Still, the police were out in force, 35 in all from local, state and Federal law enforcement agencies."" This sentence explicitly states that there were police present at the event. Therefore, I conclude that the answer is yes.",T,
9406010,692072,"1-Yes; 

Step by step reasoning: 
The article mentions that the protesters were initially blocked by local police and firefighters before being pried loose. This indicates the presence of police at the event.",T,
8811027,198047,"1-Yes; 

Step-by-step reasoning: 
The article mentions that the police are investigating the event as a racial incident, which implies the presence of law enforcement at the scene. Additionally, the article quotes Officer Hugh Barry, a Police Department spokesman, who provides details about the shooting and arrests made in connection with the incident. The text also refers to witnesses being questioned at the 120th Precinct police station, further indicating that police were present at the event.",T,
8709037,75197,"1-Yes; Step by step reasoning: The article mentions that police were not involved in the event, as it only describes a group of pharmacists picketing a doctor's office to protest against doctors who sell drugs for profit.",F,"Inconsistency between the reasoning and conclusion. Reasoning is right, but the conclusion is wrong."
8702037,16254,"1-Yes; 

Here's my step-by-step reasoning:

* I read the article and looked for any mentions of police at the event.
* In the fifth paragraph, it is mentioned that ""Police officers removed the 30 demonstrators amid intermittent chants of 'Hell, no, we won't go,' and shouts of 'Shame!' that came from 25 other demonstrators who stood around the building entrance.""
* This indicates that police were present at the event, interacting with the protesters.
* Therefore, I concluded that the answer is yes (1-Yes).",T,
8908032,279427,"1-Yes;

Step by step reasoning:
The article mentions that the police finally dispersed gangs of teen-agers and young men and ended the disturbance at about 3 A.M.
It also states that ""the suspects included 13 blacks and 13 Puerto Ricans, according to the police.""
Additionally, it is mentioned that Officer Letizia was placed on a special non-patrol assignment pending the outcome of investigations by the state police major crimes unit, the Cumberland County prosecutor's office, and the Vineland police.
These mentions indicate the presence of police at the event.",T,
9510054,801315,"1-Yes; 

Step by step reasoning: 
The article does mention police at the event when it states ""Brooklyn District Attorney"" and also mentions court proceedings, which suggests that police were involved in some capacity. Although there is no direct mention of police at the scene of the beating or crime, the presence of a prosecutor (Robert Friedman) and a district attorney's office implies that law enforcement was involved to some extent.",T,
9005077,354397,"1-Yes;

Step by step reasoning: The article mentions ""state troopers"" stationed inside the Assembly chamber, who drew curtains when protesters outside began tapping on the glass windows. This indicates the presence of police officers (in this case, state troopers) at the event in the news article.",T,
8810017,190003,"1-Yes; 

Step-by-step reasoning: 
The article mentions that ""About 15 minutes after the protest began, the police moved in and arrested the demonstrators..."" This clearly indicates the presence of police at the event, as they are arresting the protesters.",T,
9101067,416807,"1-Yes; 

Here's my step-by-step reasoning:

1. I read the article and look for any mention of police.
2. In the third paragraph, I find the sentence: ""The police estimated that 10,000 people jammed Dag Hammarskjold Plaza, near the United Nations headquarters, for the midday rally...""
3. This sentence clearly mentions the police estimating the number of attendees at the rally, indicating their presence at the event.
4. Therefore, my answer is Yes, the article does mention police at the event.",T,
9005019,351454,"1-Yes; 

Step by step reasoning:

* The article mentions that campus authorities are investigating an incident at Trinity College.
* This incident occurred at Umoja House, which is the cultural center of the Pan-African Alliance on campus.
* A broken window was discovered at this center, suggesting that some kind of vandalism or break-in may have occurred.
* The investigation by campus authorities implies that someone - possibly a student or group of students - may be involved in this incident.
* The article also mentions that during the day, a group of black students marched around campus and interrupted classes to make statements about the incident.
* This suggests that there was likely some kind of police presence on campus, as campus authorities are mentioned and it's likely they would have been called to handle the situation.",T,inference from campus authorities to police
9105030,448476,"1-Yes; 

Step by step reasoning: 
The article mentions that reported incidents of violence against people believed to be homosexual rose 65 percent in the city last year, according to records kept by the New York City Gay and Lesbian Anti-Violence Project.",T,
9005092,357281,"1-Yes; 

The article mentions that ""the police are treating the attack as a bias incident"", which indicates that the police were involved in this event. Additionally, there is an interview with a police spokesman, Lieut. Sean McGuire, who provides details about the attack and its investigation.",T,
8701005,3674,"1-Yes; 

Step-by-step reasoning:

* I will start by reading the article carefully.
* I will look for any mention of police in relation to the event.
* In the first paragraph, it mentions that ""the police described yesterday as racially motivated"" two separate incidents.
* This implies that the police were involved in describing the events as racially motivated, but does not necessarily mean they were present at the event.
* Moving on to the second paragraph, it describes an incident where a youth was assaulted and robbed on a train. The article states ""The police said eight or nine black and Hispanic youths chanting ''Howard Beach'' beat and robbed the white youth...""
* This indicates that the police were providing information about the incident, which suggests they may have been involved in investigating the event.
* In the third paragraph, it describes another incident where a man was attacked and chased while chanting ""Howard Beach"". The article states ""The police said a group of 35 to 40 black men and women beat and chased Mr. Jones...""
* This further reinforces that the police were providing information about the incident, indicating they may have been involved in investigating the event.
* In the final paragraph, it mentions that four black teenagers were arrested and charged with aggravated harassment and third-degree assault. The article states ""The police said that the four were issued notices to appear in Criminal Court on Feb. 13...""
* This confirms that the police were involved in the investigation and charging of the suspects.
* Therefore, based on this evidence, I conclude that the answer is 1-Yes, the police were mentioned as being present or involved in the event.",T,
8707022,55736,"1-Yes; 

Step by step reasoning: 
The article does mention police at the event. In the section ""Police Testimony Questioned"", it says that Capt. Francis Friel, who commands the police department's intelligence gathering unit, testified about their efforts to infiltrate the local affiliate of the Pledge of Resistance. He also mentioned that information gathered through infiltration was used by police commanders on the scene May 25 to prevent violence and criminal acts. Additionally, four demonstrators attempted to break through police lines to present a wreath in memory of Americans killed in the fighting in Central America and were arrested.",T,
8710016,80889,"1-Yes;

Step-by-step reasoning:

* The article mentions that Mayor Cucci had called a news conference to announce a study to improve the efficiency of the Police Department.
* The mayor is quoted as saying ""My police director will not stand for it,"" indicating that the Police Director, Walter Adams, is mentioned in the article.
* Additionally, the Police Director is quoted directly, stating that the incidents are under investigation and that there has been a sharp increase in incidents since a newspaper published part of a letter threatening the Indian community.

Therefore, based on these mentions, it can be concluded that police are present at the event in question.",T,
8807010,160603,"1-Yes; Step-by-step reasoning:

The article mentions that a police spokesman, Sgt. Edward Burns, gave an account of the attack, stating that both white and black groups were interviewed by the police. This indicates that police were present at the event to investigate and gather information.

Additionally, the article states that when Officer Bonitto pulled his gun and sought help, the police arrived at the scene and arrested Mr. Guglielmo. This further confirms that police were involved in responding to the incident.",T,
9204004,518957,"1-Yes; 

Step-by-step reasoning: 
The article mentions police officers at the event in several instances. For example, it talks about Officer Spath, who shot and killed Phillip Pannell, nearly two years ago. The article also mentions that Officer Spath was acquitted of manslaughter charges after less than nine hours of deliberation on February 11. Additionally, the article mentions Officers Blanco and Spath, as defendants in a civil rights suit filed by Phillip Pannell's parents, seeking damages for their son's death.",T,
9209013,557976,"1-Yes; 

Step by step reasoning: The article mentions that the suspect drew a handgun on the AIDS workers and identified himself as a police officer. This implies that the suspect was impersonating a police officer, which is consistent with the charges of impersonating a police officer mentioned later in the article. Additionally, Officer Peter Friscia, a police spokesman, and Sgt. Mary Wrensen, a police spokeswoman, are quoted in the article, further indicating the presence of police at the event.",T,
9103010,429297,"1-Yes; 

Step by step reasoning: 
The article mentions campus police at the event, stating ""The two groups were separated by wooden barricades and by the campus police."" This indicates that police were present to manage the protest and ensure safety. Therefore, the answer is 1-Yes, as it confirms the presence of police at the event in the news article.",T,
9512031,817177,"1-0

Step-by-step reasoning:

* The article mentions that members of the Ku Klux Klan erected a 12-foot wooden cross on the lawn of the Ohio Statehouse.
* It does not mention any police presence or involvement at the event.
* The only description of people involved is that ""opponents of the Klan"" knocked down and removed the cross, which implies a group of individuals rather than law enforcement officers.",F,"Inconsistency between the reasoning and conclusion. Reasoning is right, but the conclusion is wrong."
8704018,32085,"0 <Step by step reasoning: There is no mention of police at the event in this news article. The article discusses a legal battle between neighbors and a school over building plans, but there is no mention of police presence or involvement in the dispute.",T,
8804020,138650,"1-Yes; 

Step-by-step reasoning: The article mentions police only once, in the following sentence: ""Those departments that fail to do so will be required to show why they failed and to undergo an outside review of their recruiting procedures."" This suggests that there might have been a mention of police presence at the event, but it does not explicitly state the presence of police.",F,the inference goes too far.
8901082,217971,"1-Yes; 

Here's my step-by-step reasoning:

* The article describes a town meeting with a moderator and attendees using handsets to give their views.
* No police presence is mentioned in the context of the event, but there are mentions of shouting, catcalls, harangues, and ""shouting 'we want another moderator'"" which suggests that some individuals were vocal and potentially disruptive.
* However, there is no mention of any physical altercation or law enforcement intervention, which suggests that police were not present at the event.

Therefore, based on the information provided, I conclude that police were NOT mentioned as being present at the event.",F,"Inconsistency between the reasoning and conclusion. Reasoning is right, but the conclusion is wrong."
9103011,429504,"1-Yes

Step-by-step reasoning:

* The article mentions that the provision of the law requires public school officials to inform all students in grades six through 12 that they can seek an abortion without parental consent by petitioning a probate court for a waiver.
* This information will be distributed in writing at the beginning of every school year, and students will also be supplied with the telephone numbers of the probate court in their county.
* The article quotes several officials, including Ralph Burde, the Superintendent of Schools in rural Newaygo County, who says that his district will not comply with the law and that ""they can put me in jail.""
* Richard Halik, Superintendent of the Lansing public schools, is also quoted as saying that the provision puts the schools in a difficult position and that it would be best to comply reluctantly with the law.
* The article does not explicitly mention police at the event, but it mentions that Planned Parenthood is scheduled to be in court on Tuesday seeking an injunction, which suggests that there may be some sort of legal proceeding or protest involved.",F,the inference goes too far.
9404066,683427,"1-Yes; 

Step-by-step reasoning:
The article mentions police at the event by not mentioning them at all. There is no mention of police presence or involvement in the protest outside the Lexington School for the Deaf, which suggests that there were no police at the event.",F,"Inconsistency between the reasoning and conclusion. Reasoning is right, but the conclusion is wrong."
8705011,38174,0- The article does not mention police at the event. There is no mention of law enforcement or any protests that would require police presence in this news article. It focuses on legislation related to family leave and women's organizations' support for it.,T,
9509020,788176,"0-There is no mention of police at the event in the news article.

Step-by-step reasoning:

* The article discusses a lawsuit brought by the Government on behalf of Everlina Lee, a Muslim woman who was dismissed from her job as a guard at Rikers Island.
* The article does not mention police or any police-related activities, such as frisking male prisoners.
* The event in question is the refusal by Ms. Lee to frisk male prisoners for religious reasons, which did not involve police officers.
* Therefore, there is no mention of police at the event in the news article.",T,
9503043,750531,0 - No police mentioned in this news article.,T,
9008023,374210,"1 - Yes

Step-by-step reasoning:

* The article discusses the Abenakis' protest/demonstration on the Missisquoi River in October 1987.
* According to the article, Judge Joseph Wolchik of District Court dismissed charges against more than 30 Abenakis arrested for fishing without licenses during this demonstration.
* This suggests that police were present at the event and took action (arrested the protesters) due to their lack of fishing licenses.",T/F,"GPT does have a point here, at the same time, the current ""event"" has no police involved because it is a court thing."
9105015,444141,"1-Yes; 

Step by step reasoning:

The article mentions that Marvin Brown, the chief executive of Penguin USA, was asked about the agreement between British publishing houses and authors' associations. He said: ""We are not bound by anything done in Britain. Our U.K. company signed this deal. We do not see a connection between the U.K. and here.""

This quote implies that there is no direct police involvement at the event, but it does mention a meeting between Mr. Brown of Penguin and a delegation from the National Writers Union led by Jonathan Tasini, its president, to discuss the dispute on Monday.",F,"Inconsistency between the reasoning and conclusion. Reasoning is right, but the conclusion is wrong."
8808003,167665,"0-No

Step-by-step reasoning:

* The article mentions Judge Sand's courtroom and various city officials, including Council members, but it does not mention police at the event.
* There is no mention of police presence or involvement in the article.",T,
9111009,484777,"0

Step-by-step reasoning:

* The article discusses a special legislative session to consider repealing or amending the state's income tax.
* There is no mention of police at the event or protest in the article.
* The article only talks about lawmakers, politicians, and their opinions on the income tax, but does not mention any law enforcement presence.",T,GPT immediately identify police as law enforcement.
9012028,412189,"1-Yes;

Step by step reasoning:
The article mentions that the event was attended by a group of 40 demonstrators affiliated with an antiwar group, and that they were arrested by law enforcement agencies.
The text states: ""Eleven people, including the antiwar activist Philip Berrigan, were arrested today after they scaled a fence at the White House and threw red ink, simulating blood, into a fountain.""

This sentence indicates that the police or other authorities took action against the demonstrators.",T,GPT did it wrong in the first time.
9111052,489302,"0-There is no mention of police at the event in the news article. The article discusses a lawsuit filed by the Connecticut Association for Retarded Citizens against various school districts and the State Education Department, seeking to require inclusion of mentally retarded students in regular classrooms. There are quotes from various individuals involved in the suit, including lawyers, educators, and advocacy group representatives, but there is no mention of police involvement or presence at any point in the article.",T,
9303039,596810,"0- There is no mention of police at the event in this news article. The article discusses various events surrounding the potential sale or ownership of The New York Post, including a rally on South Street outside the newspaper's offices, but does not mention police presence or involvement in any of these events.",T,
8907011,263537,"1-Yes; 

Step by step reasoning: The article discusses a Supreme Court ruling on religious displays on public property, specifically mentioning Nativity scenes and menorahs. While there are various reactions from different religious groups, the term ""police"" is not explicitly mentioned in the text. However, it does mention that the Court's decision was met with varying degrees of satisfaction or dissatisfaction by different groups, including some Jewish organizations, evangelical Christians, and nonsectarian groups like Americans United for the Separation of Church and State.",F,"Inconsistency between the reasoning and conclusion. Reasoning is right, but the conclusion is wrong."
9310006,637990,0-There is no mention of police at the event in this news article.,T,
9102001,419553,"0 - There is no mention of police at the event in this news article. The article does mention a ""police presence"" as something people expressed weariness with, but it does not specify that there were police present during the protest or any related events.",T,
9109022,473441,"0 - No

Step-by-step reasoning:

The article does not mention police at the event. The article only discusses the Senate Judiciary Committee hearings on Judge Clarence Thomas's nomination to the Supreme Court, and there is no mention of police involvement or presence at the event.",T,
9402002,666134,"0

Here is my step-by-step reasoning:

1. I read through the entire article to identify any mentions of police at the event.
2. There is no mention of police or law enforcement in the article, suggesting that they were not present at the event being discussed (the Pine Barrens preservation plan).
3. The article focuses on the controversy surrounding the lack of financing for the preservation plan and the disagreement between environmentalists, developers, and government officials.
4. Therefore, my answer is 0, indicating that there is no mention of police at the event in the news article.",T,
9111036,486986,"1-Yes;

Step by step reasoning:

The article mentions a ""noon rally"" which was attended by about 300 people. The event was held on the campus of Tulane University. While the article does not explicitly state that police were present at the event, it does mention a possible connection to authorities through the context of the election being discussed: ""the goal was to inform students at Tulane and Loyola Universities about Mr. Duke's past...Students and professors recounted their experiences with racism and urged the crowd to vote for former Gov. Edwin W. Edwards, Mr. Duke's opponent."" This implies that the event may have been monitored or watched by authorities in some way, even if police were not directly present on the scene.",F,the inference goes too far.
9009001,381134,"0-No

Step-by-step reasoning: There is no mention of police being present at the event in the news article. The article focuses on the town meeting and protests, with attendees from various groups and individuals voicing their opinions and concerns about the Federal bailout of the savings and loan industry. There is no mention of law enforcement or any police presence.",T,
9511027,809349,"0-There is no mention of police at the event in this news article. The article only mentions a news conference held by Hooters of America, where Mike McNeil and 20 Hooters Girls were present, but there is no mention of police involvement or presence.",T,
9412067,731013,"0-There is no mention of police at the event in this news article. The article discusses a court ruling regarding a class-action lawsuit against tobacco companies, but does not mention any involvement of law enforcement (police) in the case.",T,
9107020,459890,"1-0

Step-by-step reasoning:

The article does not mention police at the event. The article discusses a vote among dairy farmers and the effects on the dairy industry, but it does not mention any involvement from law enforcement or police.",F,"Inconsistency between the reasoning and conclusion. Reasoning is right, but the conclusion is wrong."
9404059,682818,"0-There is no mention of police at the event mentioned in this news article. The article does not provide any information about the presence or involvement of law enforcement during the rally or protest on campus. The focus is mainly on the controversy surrounding the speaker and the university's decision to allow the event to take place, as well as President Jenifer's resignation and the search for a new president at Howard University.",T,
9005036,352984,"1-0

Step-by-step reasoning:

* The article discusses a lawsuit filed by the National Association for the Advancement of Colored People (N.A.A.C.P.) against West Orange officials.
* The lawsuit claims that West Orange's job notices, which state ""open to residents of West Orange,"" discriminate against blacks.
* There is no mention of police at the event or protest in the article.",F,"Inconsistency between the reasoning and conclusion. Reasoning is right, but the conclusion is wrong."
8712025,101708,"1-Yes; 

Step-by-step reasoning:

* The article mentions a protest rally in a West Jordan park after the first broadcast of ""The Aryan Nations Hour"" program.
* The protesting groups mentioned include the National Association for the Advancement of Colored People and the Church of Jesus Christ of Latter-day Saints, to which Mr. McCarthy once belonged.
* This indicates that there was likely some form of law enforcement or authorities present at the protest rally, although it is not explicitly stated in the article.
* Since police are often involved in maintaining order during protests, it can be inferred that they were present at the event mentioned in the article.",F,the inference goes too far.
8703045,21054,"0 - No police mentioned in this news article.

Reasoning: There is no mention of police in the entire text of the news article. The article discusses a lawsuit filed against the Defense Department regarding research into high-power electromagnetic pulse and its potential effects, but it does not mention police at all.",T,
9302033,591494,"0- No police mentioned in this news article. The article does not mention the presence of police at the event or any related activity. It focuses on a school board meeting and debates about teaching evolution vs creationism in schools, but does not involve law enforcement.",T,
9103025,432473,"1-Yes; 

Here is my step-by-step reasoning: 
The article mentions that some students protested by hanging a swastika in their window near Mr. McCormack's Confederate flag, which was taken down after objections from other students. This implies that there were reactions to the display of the Confederate flags, and these reactions could be considered as protests or demonstrations.",F,The reasoning and conslusion both wrong.
9110042,480060,"1-Yes; 

The article does mention police at the event. The event mentioned in the article is a lawsuit filed by a prisoners' rights group on behalf of 3,000 city inmates who demand transfers to state prisons. Although it does not specifically mention police, it mentions officials and administrators from both the city (Allyn R. Sielaff, Commissioner of Correction) and the state (Thomas A. Coughlin 3d, Commissioner of Correctional Services).",F,the inference goes too far.
8903061,234803,"1-Yes; 

Step by step reasoning:
The article describes an event where students from the University of Illinois, along with other universities in the state, staged a ""die-in"" protest in front of their respective campuses. The protest was held during a monthly test siren warning drill, which simulated a disaster or nuclear attack. As part of this protest, the students involved lay down on the ground and remained there until the sirens stopped, mimicking the effects of a nuclear attack.",F,"Inconsistency between the reasoning and conclusion. Reasoning is right, but the conclusion is wrong."
9511022,808914,"0 <There is no mention of police at the event in this news article. The article discusses a complaint filed with the United States Department of Education regarding a new high school for immigrants, but it does not mention police involvement or presence at the event.>",T,
9001021,314304,"0-No

The article does not mention police at the event in Panama. It only mentions American troops, military invasion, and military action, but it doesn't specifically mention police.",T,
9002002,323259,"1-Yes; 

Step by step reasoning:

The article mentions that the student editors have protested the rule by handing out their publications across campus, which could prompt the university to disband their groups. This implies that there may be some interaction or presence of police at this event.",F,the inference goes too far.
9104026,441188,"1-Yes; 

Step-by-step reasoning:

* The article mentions a ""marshal"" who arrived at La Nueva Raza Institute with eviction papers.
* The marshal is likely referring to a law enforcement officer, as the context suggests an official attempt to evict the students from the building.
* This implies that police are involved in the event and are attempting to enforce the landlord's order for the students to vacate the premises.
* Although the article does not explicitly state that police were present at the location during the takeover, it is likely that they would be called upon if the situation escalates or if the students fail to comply with the eviction notice.",F,the inference goes too far.
9104007,436509,"0

Step by step reasoning: 

* The article does not mention police at the event, but it mentions that ""the police"" confiscated monkeys from a laboratory in Silver Spring, Md., in 1981.
* Although the phrase ""the police"" is used, it refers to an event that occurred 10 years prior to the events described in the article, and does not imply the presence of police at the current protest or experiment.",T,
9108022,467050,"1-Yes; 

Here is the step-by-step reasoning: 
- The article discusses a protest event (student art exhibit) where there was controversy around its content.
- The college officials ordered that the exhibit remain on display through Aug. 29, as scheduled.
- There were complaints from students and politicians about the exhibit's content, including some politicians objecting to it.
- At least three Queens members of the State Assembly had objected to the exhibit (Frederick D. Schmidt, Joseph Crowley, and Denis J. Butler).
- Some students said they felt the exhibit was anti-religious and offensive, which suggests that there might have been a confrontation or disturbance by those opposed to the exhibit.
- Professor Brooks initially covered the display with black paper on Tuesday after receiving pressure from school administration.",F,"Inconsistency between the reasoning and conclusion. Reasoning is right, but the conclusion is wrong."
9306009,612961,"1-Yes; 

Step-by-step reasoning:
The article mentions that Father Barrios has vowed to continue his supporters' protests until he is reinstated, defying Bishop Grein's insistence that the protests end before any discussions take place. This indicates the presence of protesters at the event.
Additionally, Reverend Eddie Lopez, an organizer of the protests, states that despite requests from both the priest and the Bishop, the protests will continue until the Bishop meets with the priest and allows him to return. This further implies the involvement of police or authorities in maintaining order during the protest.",F,the inference goes too far.
9008001,372988,"1-Yes; 

Step by step reasoning: The article mentions that Judge Souter met with Senator Dennis DeConcini and Senator Charles E. Grassley on Capitol Hill, but it does not specify if police were present at the event. However, in a separate paragraph, it is mentioned that Judge Souter refused to answer reporters' questions about various issues, including abortion, without specifying if police were involved in this process.",F,"Inconsistency between the reasoning and conclusion. Reasoning is right, but the conclusion is wrong."
9005011,350432,"1-Yes; 

The article does mention police at the event, but only in passing. Martha Ritter, a spokeswoman for the Department of City Planning, is mentioned as someone who has spoken about the noise issue related to the proposed hotel on Baxter Street. There is no indication that any police officers were present at the specific protest or demonstration described in the article.",F,"Inconsistency between the reasoning and conclusion. Reasoning is right, but the conclusion is wrong."
9007001,365068,0 - No police mentioned in this news article.,T,
9212008,574368,"1-Yes; 

Step-by-step reasoning:
The article does mention police at the event in Manhattan where protesters gathered to assail rate increases requested by Empire Blue Cross and Blue Shield. Although there is no specific mention of police, it is likely that some form of law enforcement was present to maintain order and ensure public safety during the protest.",F,the inference goes too far.
9306001,612559,"0

The article does not mention police at the event. The main topic of the article is about people with AIDS accusing their health insurance plans of discrimination and filing lawsuits under the Americans With Disabilities Act of 1990. There is no mention of police or any events that would require their presence.",T,
9403013,674708,"1-Yes;

Step-by-step reasoning:

The news article mentions that there was a tense meeting attended by more than 500 parents and students at which the decision to suspend the principal was made. The article does not explicitly state that police were present at the event, but it does mention ""tight security"" being promised for the prom by the principal after he rescinded his initial cancellation of the event. This could imply that there may have been some kind of law enforcement or security presence on hand, although it is not specified what this was or how many people were involved.",T,GPT did it wrong in the first time.
8905013,248459,"0-There is no mention of police at the event in this news article. The article discusses a court ruling related to Agent Orange and its effects on Vietnam War veterans, but it does not mention police presence or involvement. The focus is on the legal decision and its implications for the veterans, with quotes from various individuals involved in the case.",T,
9007043,371072,"0 - The news article does not mention police at the event. There is no mention of any protest or event where police would be involved in the article, which focuses on an educational advocacy group's report on high school student failures and recommendations for improvement.",T,
8808039,173125,"1-Yes
Step by step reasoning:
The article mentions an auto insurance protest rally organized by James P. Sciallo, which will take place on the steps of the Capitol at noon on Aug. 27. The article also mentions that during this rally, Mr. Sciallo will lead a delegation to demonstrate outside the legislative offices of Senate President John F. Russo and Assembly Speaker Charles L. Hardwick.",F,"Inconsistency between the reasoning and conclusion. Reasoning is right, but the conclusion is wrong."
